<?xml version="1.0" encoding="UTF-8"?>
<!DOCTYPE hibernate-mapping PUBLIC
        "-//Hibernate/Hibernate Mapping DTD 3.0//EN"
        "http://www.hibernate.org/dtd/hibernate-mapping-3.0.dtd">
<hibernate-mapping package="banking.customers.domain.entity">
	<class name="Customer" table="customer">
        <id name="id" column="customer_id">
            <generator class="native"/>
        </id>
        <property name="firstName" column="first_name"/>
        <property name="lastName" column="last_name"/>
        <property name="documentNumber" column="document_number"/>
        
        <set name="bankAccounts" inverse="true" cascade="all">
            <key column="customer_id" not-null="true"/>
            <one-to-many class="banking.accounts.domain.entity.BankAccount"/>
        </set>
    </class> 
</hibernate-mapping>