<?xml version="1.0"?>
<!DOCTYPE hibernate-mapping PUBLIC "-//Hibernate/Hibernate Mapping DTD 3.0//EN"
"http://www.hibernate.org/dtd/hibernate-mapping-3.0.dtd">
<hibernate-mapping>
    <class name="banking.security.domain.entity.UserRole" table="user_roles">
        <id name="userRoleId" type="java.lang.Long">
            <column name="user_role_id" />
            <generator class="identity" />
        </id>
        <many-to-one name="user" class="banking.security.domain.entity.User" fetch="select">
            <column name="username" length="45" not-null="true" />
        </many-to-one>
        <property name="role" type="string">
            <column name="role" length="45" not-null="true" />
        </property>
    </class>
</hibernate-mapping>
